year,title,type,season,actors
1975,日剧,秋,血疑,三浦友和 山口百惠 宇津井健
1993,日剧,秋,爱情白皮书,石田光 木村拓哉 西岛秀俊
1994,日剧,冬,爱没有明天,铃木保奈美
1994,日剧,秋,东京仙履奇缘,和久井映见 唐泽寿明
1995,日剧,春,典雅的人间三部曲,松隆子
1996,日剧,春,蜥蜴女孩,菅野美穗
1996,日剧,秋,我一個人住,常盘贵子 矢田亚希子 高桥克典
1997,日剧,冬,跳跃大搜查,织田裕二 柳叶敏郎 水野美纪
1997,日剧,夏,海滩男孩,竹野内丰 反町隆史 广末凉子
1997,日剧,春,别叫我总理,田村正和 铃木保奈美 佐藤蓝子
1999,日剧,春,魔女的条件,松岛菜菜子 泷泽秀明 黑木瞳
2000,日剧,春,池袋西口公园,长濑智也 加藤爱 洼冢洋介 山下智久
2001,日剧,冬,不平则鸣,常盘贵子 深津绘里 山下智久
2001,日剧,春,女婿大人,长濑智也 酒井法子
2002,日剧,冬,漂流教室,常盘贵子 山田孝之 山下智久
2002,日剧,夏,不需要爱的夏天,渡部笃郎 广末凉子
2002,日剧,秋,HR,香取慎吾 篠原涼子 酒井美纪 生濑胜久
2003,日剧,冬,永远在一起,伊藤英明 松隆子
2003,日剧,夏,StandUp,山下智久 成宫宽贵 小栗旬
2004,日剧,夏,人证,竹野内丰 大杉涟 夏川结衣 松下奈绪 堀北真希
2004,日剧,夏,水男孩2,市原隼人 石原里美 小池彻平
2004,日剧,夏,逃亡者,江口洋介 阿部宽 长泽雅美
2004,日剧,春,橙色岁月,妻夫木聪 柴崎幸 成宫宽贵 白石美帆 瑛太 上野树里
2004,日剧,春,离婚女律师,天海佑希 玉山铁二 佐佐木藏之介
2004,日剧,秋,Hotman,反町隆史 小西真奈美
2005,日剧,冬,H2,山田孝之 市川由衣 石原里美
2005,日剧,冬,不开心的基因,竹内结子 小田切让
2005,日剧,夏,一起加油吧,相武纱季 锦户亮
2005,日剧,夏,电车男,伊藤淳史 伊东美咲 速水重道
2005,日剧,春,牵绊的爱,市原隼人 绫濑遥 神木隆之介
2006,日剧,冬,Unfair,筱原凉子 瑛太
2006,日剧,冬,时效警察,小田切让 麻生久美子
2006,日剧,夏,PS罗生门,木村佳乃
2006,日剧,夏,恋爱补给品,伊东美咲 龟梨和也 瑛太 白石美帆
2006,日剧,春,勇气,龟梨和也 小栗旬
2006,日剧,秋,交响情人梦,上野树里 玉木宏 水川麻美 小出惠介 瑛太
2006,日剧,秋,水手服与机关枪,长泽雅美 小泉今日子 堤真一
2007,日剧,冬,敬启父亲大人,二宫和也 高岛礼子 黑木明纱 松重丰 高桥克实
2007,日剧,冬,派遣员的品格,筱原凉子 大泉洋 小泉孝太郎
2007,日剧,夏,向牛许愿,户田惠梨香 相武纱季
2007,日剧,夏,回归的时效警察,小田切让 麻生久美子
2007,日剧,夏,父女七日变,新垣结衣
2007,日剧,夏,结不了婚的男人,阿部宽 夏川结衣 国仲凉子
2007,日剧,春,七彩音和若波,松山研一
2007,日剧,春,开什么玩笑,织田裕二 上野树里
2007,日剧,春,诈欺游戏,松田翔太 户田惠梨香
2007,日剧,秋,歌姬,长濑智也 相武纱季
2007,日剧,秋,神探伽利略,福山雅治 柴崎幸
2008,日剧,冬,一磅的福音,龟梨和也 黑木明纱
2008,日剧,冬,没有玫瑰的花店,香取慎吾 八木优希 竹内结子 松田翔太 三浦友和
2008,日剧,夏,Code Blue1,山下智久 新垣结衣 户田惠梨香 比嘉爱未
2008,日剧,夏,魔王,大野智 生田斗真 吉濑美智子 田中圭
2008,日剧,-,笃姬,宫崎葵
2008,日剧,春,料理仙姬,苍井优 向井理 杉本哲太 余贵美子
2008,日剧,秋,藤子不二雄的并行空间,要润 长泽雅美 麻生久美子
2009,日剧,冬,亡者之声,生田斗真 瑛太 石原里美 田中圭 时任三郎
2009,日剧,夏,乌龙派出所,香取慎吾 香里奈 速水重道
2009,日剧,夏,华丽的间谍,长濑智也 深田恭子 杏
2009,日剧,夏,双头魔犬,锦户亮 泷泽秀明 水川麻美
2009,日剧,夏,粉红系男孩,夏帆 冈田将生 武井咲 桐谷美玲
2009,日剧,-,天地人,阿部宽 妻夫木聪 常盘贵子 高岛礼子
2009,日剧,春,BOSS,天海佑希 竹野内丰 户田惠梨香
2009,日剧,春,MR.BRAIN,木村拓哉 绫濑遥
2009,日剧,春,白色之春,阿部宽
2009,日剧,秋,不毛地带,唐泽寿明 小雪 多部未华子
2009,日剧,秋,东京狗,水嶋宏 小栗旬
2009,日剧,秋,仁医,大泽隆夫 中谷美纪 绫濑遥
2009,日剧,秋,密不可触,仲间由纪惠 要润
2009,日剧,秋,小公主萨拉,志田未来 林遣都 田边诚一 忽那汐里
2009,日剧,秋,真我霓裳,黑木瞳 香里奈
2010,日剧,冬,Code Blue2,山下智久 新垣结衣 户田惠梨香 比嘉爱未
2010,日剧,冬,决定不哭的日子,要润 荣仓奈奈 藤木直人
2010,日剧,冬,完美小姐进化论,龟梨和也 大政绚
2010,日剧,冬,正义代书战士,堀北真希 樱井翔
2010,日剧,夏,GOLD,天海佑希 反町隆史 长泽雅美 武井咲
2010,日剧,夏,十年后我依然爱你,上户彩 内野圣阳 木南晴夏
2010,日剧,夏,日本人不知道的日语,仲里依纱
2010,日剧,夏,萤之光2,藤木直人 绫濑遥
2010,日剧,夏,虹色夏恋,松本润 竹内结子
2010,日剧,夏,逃亡律师,上地雄辅 石原里美 北村一辉 矢田亚希子
2010,日剧,夏,钢之女,吉濑美智子 八木优希
2010,日剧,春,国税监察官,江口洋介 麻生久美子
2010,日剧,春,圈套外传~警部补·矢部谦三,生濑胜久
2010,日剧,春,我的家史,柴崎幸 长泽雅美 松本润
2010,日剧,春,新参者,阿部宽 香川照之 杏
2010,日剧,春,月之恋人,木村拓哉 林志玲 松田翔太 筱原凉子
2010,日剧,春,毕业之歌-毕业写真,志田未来 国仲凉子 长泽雅美
2010,日剧,秋,SPEC,户田惠梨香 加濑亮
2010,日剧,秋,和恶魔契约的女人,唐泽寿明 玉木宏
2010,日剧,秋,打工仔买房记,二宫和也 香里奈 井川遥 竹中直人
2010,日剧,秋,暗金丑岛君1,山田孝之
2010,日剧,秋,机器人女友Q10,前田敦子 佐藤健 高畑充希 莲佛美沙子 贺来贤人
2010,日剧,秋,流星,竹野内丰 上户彩
2010,日剧,秋,秘密,志田未来 佐佐木藏之介 本假屋唯香
2010,日剧,秋,黄金猪,大泉洋 筱原凉子
2011,日剧,冬,CONTROL~犯罪心理搜查,藤木直人 松下奈绪
2011,日剧,冬,外交官黑田康作,织田裕二 柴崎幸
2011,日剧,冬,是你教会了我重要的一切,三浦春马 武井咲 户田惠梨香
2011,日剧,冬,邻家美人,渡部笃郎 仲间由纪惠
2011,日剧,夏,不被原谅的搜查官,堺雅人 锦户亮 杏 大杉涟
2011,日剧,夏,全开女孩,新垣结衣 锦户亮 莲佛美沙子 药师丸博子 佐藤二朗
2011,日剧,夏,勇敢活下去,瑛太 满岛光 田中圭
2011,日剧,夏,唐吉坷德,松田翔太 内田有纪 成海璃子
2011,日剧,夏,胡桃屋,松下奈绪 井川遥 濑户康史
2011,日剧,春,BOSS2,天海佑希 竹野内丰
2011,日剧,春,一定要幸福,香取慎吾 黑木明纱 仲里依纱
2011,日剧,春,下流之宴,洼田正孝 黑木瞳 远藤宪一
2011,日剧,春,丧失名字的女神,杏 木村佳乃 尾野真千子
2011,日剧,春,仁医2,绫濑遥 中谷美纪
2011,日剧,春,养狗这件事,水川麻美 锦户亮
2011,日剧,春,明日香工高進行曲,武井咲 松坂桃李 贺来贤人 永山绚斗
2011,日剧,春,钢之女2,吉濑美智子 要润 齐藤工
2011,日剧,春,高护木的规矩,阿部隆史 户田爱菜 铃木福
2011,日剧,秋,REPLAY & DESTROY,山田孝之 林遣都
2011,日剧,秋,全职主妇侦探,深田恭子 藤木直人 桐谷健太 古田新太 石田百合子
2011,日剧,秋,兽医杜立德,小栗旬 井上真央 成宫宽贵
2011,日剧,秋,冢原卜传,堺雅人 栗山千明
2011,日剧,秋,南极大陆,木村拓哉 绫濑遥 香川照之 堺雅人
2011,日剧,秋,妖怪人贝姆,龟梨和也 杏 北村一辉
2011,日剧,秋,家政妇三田,松岛菜菜子 长谷川博己 相武纱季
2011,日剧,秋,无法恋爱的理由,香里奈 吉高由里子 大岛优子 田中圭 仓科加奈
2011,日剧,秋,爱的价格,伊藤英明 高岛礼子
2011,日剧,秋,蜜之味,荣仓奈奈 菅野美穗 井浦新 沟端淳平 木村文乃
2011,日剧,秋,还有第11人,神木隆之介 广末凉子 有村架纯
2012,日剧,冬,Lucky7,松岛菜菜子 松本润 瑛太 仲里依纱 大泉洋
2012,日剧,冬,倒数第二次恋爱,小泉今日子 中井贵一 长谷川京子 内田有纪
2012,日剧,冬,分身,长泽雅美
2012,日剧,冬,命运之人,木本雅弘 松隆子 真木阳子
2012,日剧,冬,恋爱NEET,仲间由纪惠 佐佐木藏之介 永山绚斗
2012,日剧,冬,摇滚王子东京店,向井理 国仲凉子 泷本美织 三浦翔平
2012,日剧,冬,最完美的人生终点,山下智久 反町隆史 荣仓奈奈
2012,日剧,冬,神圣的怪物们,中谷美纪 冈田将生 加藤爱 长谷川博己
2012,日剧,冬,草莓之夜,竹内结子 西岛秀俊
2012,日剧,夏,Rich.Man,小栗旬 石原里美 井浦新 相武纱季
2012,日剧,夏,东野圭吾推理集,唐泽寿明 广末凉子 松下奈绪 大杉涟 长泽雅美 妻夫木聪 波瑠
2012,日剧,春,35岁的高中生,米仓凉子 松冈茉优 菅田将晖 新川优爱
2012,日剧,春,6个陌生人,唐泽寿明 林保怡
2012,日剧,春,Legal High,堺雅人 新垣结衣 生濑胜久
2012,日剧,春,W的悲剧,武井咲 刚力彩芽 桐谷健太
2012,日剧,春,三色猫福尔摩斯的推理,相叶雅纪 藤木直人 大仓忠义 大政绚 泷本美织
2012,日剧,春,爸爸是偶像,锦户亮
2012,日剧,春,都市传说之女,竹中直人 长泽雅美
2012,日剧,春,青蛙公主,天海佑希 石田百合子 大岛优子
2012,日剧,春,黑板～与时代战斗的教师们,樱井翔 大岛优子 菅田将晖 野村周平 志田未来 松下奈绪
2012,日剧,秋,Doctor-X1～外科医 大门未知子,米仓凉子
2012,日剧,秋,MONSTERS,香取慎吾 山下智久
2012,日剧,秋,PRICELESS,木村拓哉 香里奈 中井贵一
2012,日剧,秋,东京全力少女,武井咲 渡部笃郎 市川由衣 比嘉爱未
2012,日剧,秋,独静加,夏帆 高桥一生
2012,日剧,秋,高中入试,长泽雅美
2013,日剧,冬,APOYAN奔跑国际机场,桐谷美玲 伊藤淳史 柳叶敏郎
2013,日剧,冬,小原别哭,长濑智也 麻生久美子
2013,日剧,冬,最完美的离婚,瑛太 尾野真千子 真木阳子 绫野刚
2013,日剧,冬,沙希,仲间由纪惠 三浦翔平 内田有纪
2013,日剧,夏,OhMyDad,织田裕二 长谷川京子
2013,日剧,夏,Starman这个星球上的恋爱,广末凉子 福士苍汰 小池荣子 有村架纯
2013,日剧,夏,SUMMER NUDE,山下智久 香里奈 户田惠梨香
2013,日剧,夏,半泽直树,堺雅人 香川照之 及川光博 泷藤贤一 上户彩
2013,日剧,夏,天魔出动,堂本刚 川口春奈 佐藤二朗
2013,日剧,夏,庶务二课2013,江角真纪子 本田翼
2013,日剧,夏,无名毒,小泉孝太郎 深田恭子 国仲凉子
2013,日剧,夏,没有钥匙的梦,仓科加奈 成海璃子 木村多江 高梨临 广末凉子
2013,日剧,春,云之阶梯,长谷川博己 木村文乃 稻森泉
2013,日剧,春,天气姐姐,武井咲 佐佐木希 佐佐木藏之介
2013,日剧,春,家族游戏,樱井翔 铃木保奈美
2013,日剧,春,幽灵女友,香取慎吾 杏 前田敦子
2013,日剧,春,最后的灰姑娘,筱原凉子 三浦春马 藤木直人
2013,日剧,春,深夜烘培坊,泷泽秀明 土屋太凤
2013,日剧,春,潜入侦探蜥蜴,松田翔太 莲佛美沙子
2013,日剧,春,飞翔情报室,新垣结衣 要润 绫野刚 矢部谦三
2013,日剧,春,鸭去京都-老字号旅馆的女老板日记,松下奈绪 椎名桔平
2013,日剧,秋,Doctor-X2～外科医 大门未知子,米仓凉子
2013,日剧,秋,Legal High2,堺雅人 新垣结衣 生濑胜久
2013,日剧,秋,东京风潮,龟梨和也 多部未华子
2013,日剧,秋,安堂机器人,木村拓哉 柴崎幸 大岛优子 桐谷健太
2013,日剧,秋,审判长！肚子饿了,佐藤二朗
2013,日剧,秋,数学女孩的恋爱事件簿,桥本爱 高良健吾
2013,日剧,秋,欢迎来到万事占卜阴阳屋,锦户亮 仓科加奈
2013,日剧,秋,段田凛～劳动基准监督官,竹内结子 松坂桃李
2013,日剧,秋,都市传说之女2,竹中直人 长泽雅美
2013,日剧,秋,飞行员小姐,堀北真希 相武纱季 齐藤工 樱庭奈奈美
2014,日剧,冬,地之盐,大泉洋 田中圭
2014,日剧,冬,失恋巧克力职人,松本润 石原里美 水川麻美 水原希子
2014,日剧,冬,我讨厌的侦探,刚力彩芽 玉木宏
2014,日剧,冬,战力外搜查官,武井咲
2014,日剧,冬,明天妈妈不在,芦田爱菜 铃木梨央 三浦翔平 木村文乃
2014,日剧,冬,暗金丑岛君2,山田孝之
2014,日剧,冬,紧急审讯室,天海佑希 速水重道
2014,日剧,冬,血之辙,谷原章介 原田泰造
2014,日剧,夏,Around30,坛蜜
2014,日剧,夏,ST红与白的搜查档案,藤原龙也 冈田将生 志田未来 洼田正孝
2014,日剧,夏,东京绯红～警视厅NS系,水川麻美 生瀬胜久
2014,日剧,夏,圣女,广末凉子 永山绚斗 莲佛美沙子
2014,日剧,夏,年轻人们2014,妻夫木聪 苍井优 瑛太 长泽雅美
2014,日剧,夏,昼颜～工作日下午3点的恋人们,上户彩 齐藤工 吉濑美智子 北村一辉
2014,日剧,夏,最后的家,桐谷美玲
2014,日剧,夏,父亲的背影,田村正和 松隆子 役所广司 满岛光 西田敏行
2014,日剧,夏,零之真实～监查医·松本真央,武井咲 真矢美纪
2014,日剧,春,BORDER,小栗旬 波瑠 古田新太
2014,日剧,春,FirstClass,沢尻绘理香 中丸雄一 佐佐木希 菜菜绪 板谷由夏
2014,日剧,春,LEADERS,佐藤浩市 香川照之
2014,日剧,春,以弱胜强,二宫和也 麻生久美子 福士苍汰 有村架纯
2014,日剧,春,决定性证据,香取慎吾 铃木保奈美 西内玛利亚 谷原章介 仓科加奈
2014,日剧,春,极恶乱暴者,尾野真千子 椎名桔平 仲里依纱 三浦友和
2014,日剧,春,死神君,大野智 桐谷美玲 菅田将晖 松重丰
2014,日剧,春,爱丽丝之棘,上野树里 小田切让 栗山千明 藤原纪香
2014,日剧,春,续倒数第二次恋爱,小泉今日子 中井贵一 长谷川京子 内田有纪
2014,日剧,春,罗斯福游戏,唐泽寿明 江口洋介 香川照之
2014,日剧,春,花咲舞不会沉默1,杏 上川隆也 生濑胜久
2014,日剧,春,银二贯,林遣都 松冈茉优 芦田爱菜
2014,日剧,春,马赛克日本,永山绚斗 高桥一生
2014,日剧,秋,DearSister,松下奈绪 石原里美
2014,日剧,秋,Doctor-X3～外科医 大门未知子,米仓凉子
2014,日剧,秋,SAKURA～听到事件的女人,仲间由纪惠 佐藤隆太
2014,日剧,秋,为了N,窪田正孝 荣仓奈奈
2014,日剧,秋,今天不上班,绫濑遥 福士苍汰 玉木宏
2014,日剧,秋,信长协奏曲,小栗旬 藤木直人 柴崎幸 山田孝之
2014,日剧,秋,全部成为F,武井咲 绫野刚
2014,日剧,秋,对不起青春,满岛光 锦户亮 永山绚斗 波瑠
2015,日剧,冬,SecondLove,龟梨和也 深田恭子
2015,日剧,冬,不完美的丈夫,玉木宏 仓科加奈
2015,日剧,冬,影子写手,中谷美纪  水川麻美 三浦翔平 奈奈绪
2015,日剧,冬,怪奇恋爱作战,麻生久美子
2015,日剧,冬,无间双龙,小栗旬 生田斗真 上野树里 吉田羊
2015,日剧,冬,某某妻,柴崎幸 东山纪之
2015,日剧,冬,流星旅行车,西岛秀俊 香川照之 井川遥
2015,日剧,冬,玻璃芦苇,相武纱季
2015,日剧,冬,约会,杏 长谷川博己 国仲凉子 中岛裕翔 松重丰
2015,日剧,冬,纯白,堀北真希 志田未来 高梨临
2015,日剧,冬,钱的战争,草剪刚 大岛优子 木村文乃 渡部笃郎
2015,日剧,冬,问题饭馆,真木阳子 东出昌大 高畑充希 松冈茉优 菅田将晖
2015,日剧,夏,予告犯,生田斗真 户田惠梨香 铃木亮平
2015,日剧,夏,全力青蛙,满岛光 前田敦子 药师丸博子
2015,日剧,夏,后卫山一证券最后的圣战,江口洋介 林遣都
2015,日剧,夏,年龄歧视,武井咲 小泉孝太郎 稻森泉 要润
2015,日剧,夏,恋仲,本田翼 福士苍汰 野村周平 山本美月 市川由衣 新川优爱
2015,日剧,夏,拿破仑之村,唐泽寿明 麻生久美子
2015,日剧,夏,死之脏器,小泉孝太郎
2015,日剧,夏,死亡笔记,洼田正孝 山崎贤人
2015,日剧,夏,民王,远藤宪一 菅田将晖 高桥一生 本假屋唯香
2015,日剧,夏,烟霞,高畑充希
2015,日剧,夏,石之茧,木村文乃
2015,日剧,夏,花咲舞不会沉默2,杏 上川隆也 矢部谦三
2015,日剧,春,伦太郎医生,堺雅人 苍井优 吉濑美智子
2015,日剧,春,医生们的恋爱故事,齐藤工 相武纱季 生濑胜久
2015,日剧,春,天使与恶魔～悬疑案件匿名交涉科,刚力彩芽 渡部笃郎
2015,日剧,春,妈妈游戏~她们的阶级,木村文乃 长谷川京子
2015,日剧,春,家的记忆,木村拓哉 上户彩 水野美纪 及川光博 西田敏行
2015,日剧,春,战斗吧书店少女,渡边麻友
2015,日剧,春,断了心弦,阿部隆史 水原希子 藤木直人 山口智子
2015,日剧,春,暗黑拌走者,松下奈绪 古田新太
2015,日剧,春,欢迎来我家,有村架纯 泽尻绘里香 相叶雅纪
2015,日剧,春,献给阿尔吉侬的花束,山下智久 洼田正孝 工藤阿须加 栗山千明
2015,日剧,秋,The Last Cop1,唐泽寿明 窪田正孝
2015,日剧,秋,Underwear,桐谷美玲
2015,日剧,秋,下町火箭,阿部宽 土屋太凤 真矢美纪
2015,日剧,秋,产科医鸿鸟,绫野刚 松冈茉优 星野源 吉田羊
2015,日剧,秋,伪装夫妇,天海佑希 泽村一树 内田有纪
2015,日剧,秋,天使心,上川隆也 三吉彩花 相武纱季
2015,日剧,秋,掟上今日子的备忘录,新垣结衣 冈田将生 及川光博
2015,日剧,秋,朝五晚九~帅气和尚爱上我,山下智久 石原里美 田中圭 速水重道 高梨临 纱荣子
2015,日剧,秋,武士老师,锦户亮 比嘉爱未 神木隆之介 黑岛结菜
2015,日剧,秋,熟女正青春,筱原凉子 吉濑美智子 谷原章介 江口洋介
2015,日剧,秋,警报：刑警·女友·完全恶女,奈奈绪 松坂桃李 木村文乃
2015,日剧,秋,遗产争族,向井理 荣仓奈奈 板谷由夏
2015,日剧,秋,阿南的小情人,中川大志 山本舞香
2016,日剧,冬,1925年的明智小五郎,满岛光
2016,日剧,冬,FRAGILE,长濑智也 武井咲 野村周平 小雪
2016,日剧,冬,Specialist,草剪刚 南果步 齐藤工
2016,日剧,冬,临床犯罪学者火村英生的推理,齐藤工 窪田正孝
2016,日剧,冬,回忆起这段恋情一定会哭泣吧,有村架纯 高良健吾 高桥一生
2016,日剧,冬,家庭的形式,香取慎吾 上野树里 西田敏行
2016,日剧,冬,澄和堇,桐谷美玲 松坂庆子 及川光博
2016,日剧,冬,直美和加奈子,内田有纪 广末凉子 佐藤隆太 吉田羊
2016,日剧,冬,精灵守护者1,绫濑遥
2016,日剧,冬,请与废柴的我恋爱,深田恭子 藤冈靛
2016,日剧,冬,请让我教您岳父,远藤宪一 渡部笃郎 莲佛美沙子 和久井映见 新川优爱
2016,日剧,冬,金融巨头最后决战,椎名桔平 桐谷健太
2016,日剧,夏,99刑事律师,松本润 香川照之 荣仓奈奈
2016,日剧,夏,Hope不被期待的新人,中岛裕翔 远藤宪一 山本美月
2016,日剧,夏,The Last Cop2,唐泽寿明 窪田正孝
2016,日剧,夏,卖房子的女人1,北川景子 工藤阿须加 千叶雄大
2016,日剧,夏,总理料理人,刚力彩芽 泷藤贤一 高桥一生 新川优爱
2016,日剧,夏,暗金丑岛君3,山田孝之
2016,日剧,夏,模仿犯,中谷美纪 坂口健太郎
2016,日剧,夏,毫无保留的爱,武井咲 泷泽秀明
2016,日剧,夏,火花,林遣都
2016,日剧,夏,营业部长吉良奈津子,松岛菜菜子 松田龙平 原田泰造 伊藤步
2016,日剧,夏,陷入爱情,长谷川京子
2016,日剧,夏,高考灰姑娘,川口春奈 小泉孝太郎
2016,日剧,春,不是结不了婚只是不想结婚,中谷美纪 藤木直人
2016,日剧,春,不落的太阳,上川隆也 夏川结衣 渡部笃郎 小泉孝太郎
2016,日剧,春,世界第一难的恋爱,大野智 波瑠 小池荣子
2016,日剧,春,奇迹之人,麻生久美子
2016,日剧,春,宽松世代又如何,冈田将生 松坂桃李 柳乐优弥
2016,日剧,春,快乐婚礼,藤冈靛 清野菜名 藤原纪香 篠田麻里子
2016,日剧,春,我的危险妻子,伊藤英明 木村佳乃 相武纱季 高桥一生
2016,日剧,春,极乐天使,福士苍汰 土屋太凤 铃木亮平
2016,日剧,秋,Career违规的警察署长,玉木宏 泷本美织
2016,日剧,秋,Chef三星校餐,天海佑希 川口春奈 小泉孝太郎
2016,日剧,秋,Doctor-X4～外科医 大门未知子,米仓凉子
2016,日剧,秋,IQ246~华丽事件簿,织田裕二 藤冈靛 土屋太凤 中谷美纪
2016,日剧,秋,代价,小栗旬 高梨临
2016,日剧,秋,公主小屋,森川葵 高桥一生
2016,日剧,秋,出租救世主,泽村一树 志田未来
2016,日剧,秋,嗅觉搜查官,阿部宽 香川照之 井川遥 板谷由夏
2016,日剧,秋,无痛~诊断之眼,西岛秀俊 伊藤淳史 伊藤英明
2016,日剧,秋,校阅女孩,石原里美 菅田将晖 本田翼
2016,日剧,秋,砂之塔~知道太多的邻居,菅野美穗 松岛菜菜子
2016,日剧,秋,逃跑可耻但管用,新垣结衣 星野源 石田百合子 大谷亮平
2017,日剧,冬,A LIFE～深爱之人,木村拓哉 竹内结子 松山研一 木村文乃 菜菜绪 及川光博
2017,日剧,冬,下克上考试,深田恭子 阿部隆史
2017,日剧,冬,东京白日梦女,吉高由里子 大岛优子 荣仓奈奈
2017,日剧,冬,乐园,仲间由纪惠 黑木瞳 夏帆
2017,日剧,冬,四重奏,松隆子 满岛光 松田龙平 高桥一生
2017,日剧,冬,妈妈，不当你的女儿可以吗,波瑠 齐藤由贵 柳乐优弥
2017,日剧,冬,求职家族,三浦友和 黑木瞳 前田敦子 工藤阿须加
2017,日剧,冬,江户川乱步集2,满岛光
2017,日剧,冬,精灵守护者2,绫濑遥 藤冈靛 真木阳子 坛蜜
2017,日剧,冬,被讨厌的勇气,香里奈 椎名桔平
2017,日剧,冬,谎言的战争,草剪刚 藤木直人 水原希子 大杉涟 山本美月
2017,日剧,冬,超级上班族左江内氏,堤真一 小泉今日子 岛崎遥香 贺来贤人
2017,日剧,夏,Code Blue3,山下智久 新垣结衣 户田惠梨香 比嘉爱未
2017,日剧,夏,伊藤君A到E,木村文乃 佐佐木希 志田未来 夏帆
2017,日剧,夏,侦探物语,瑛太 深田恭子
2017,日剧,夏,即便是爱也有秘密,福士苍汰 川口春奈 铃木保奈美 远藤宪一
2017,日剧,夏,塞茜尔的企图,真木阳子 吉濑美智子 中谷美纪 伊藤步 板谷由夏
2017,日剧,夏,对不起我爱你,长濑智也 坂口健太郎 吉冈里帆
2017,日剧,夏,彬与瑛,向井理 齐藤工
2017,日剧,夏,我家丈夫不会工作,锦户亮 松冈茉优 佐藤隆太 坛蜜
2017,日剧,夏,是我们干的,洼田正孝 永野芽郁 川荣李奈 三浦翔平 水川麻美
2017,日剧,夏,犯罪症候群2,玉山铁二 谷原章介 渡部笃郎
2017,日剧,夏,警视厅生物系,渡部笃郎 桥本环奈 三浦翔平
2017,日剧,夏,过保护的加穗子,高畑充希 竹内凉真 黑木瞳
2017,日剧,夏,黑革的手帖,武井咲 江口洋介 仲里依纱 泷藤贤一
2017,日剧,春,4号警备,洼田正孝 北村一辉 木村多江
2017,日剧,春,CRISIS 公安机动搜查队特搜班,小栗旬 西岛秀俊
2017,日剧,春,世上没有轻松的工作,真野惠里菜
2017,日剧,春,其实并不在乎你,波瑠 东出昌大 仲里依纱
2017,日剧,春,反转,户田惠梨香 藤原龙也 小池彻平
2017,日剧,春,命中注定的人,龟梨和也 木村文乃 山下智久
2017,日剧,春,成为母亲,泽尻绘里香 藤木直人 小池荣子 板谷由夏 中岛裕翔
2017,日剧,春,爱情败犬向前冲,高梨临 田中圭 土村芳
2017,日剧,春,贵族侦探,相叶雅纪 武井咲 生濑胜久
2017,日剧,秋,Doctor-X5～外科医 大门未知子,米仓凉子
2017,日剧,秋,下雨天你总是那么温柔,佐佐木希 玉山铁二
2017,日剧,秋,产科医鸿鸟2,绫野刚 松冈茉优 星野源 吉田羊
2017,日剧,秋,刑警弓神,浅野忠信 神木隆之介
2017,日剧,秋,只是先出生的我,樱井翔 苍井优
2017,日剧,秋,名片游戏,堤真一 冈田将生
2017,日剧,秋,太太请小心轻放,绫濑遥 西岛秀俊 广末凉子 本田翼
2017,日剧,秋,成人高中,三浦春马 黑木明纱 高桥克实
2017,日剧,秋,明日的约定,井上真央 仲间由纪惠
2017,日剧,秋,现在开始威胁你,武井咲 藤冈靛 岛崎遥香
2017,日剧,秋,监狱的公主殿下,小泉今日子 满岛光 菅野美穗 夏帆
2017,日剧,秋,石砾,江口洋介 佐藤浩市
2017,日剧,秋,陆王,役所广司 山崎贤人 竹内凉真 上白石萌音 光石研
2017,日剧,秋,预兆-散步侵略者,夏帆 东出昌大 染谷将太
2017,日剧,秋,黑色复仇,木村多江 佐藤二朗
2018,日剧,冬,99.9刑事律师 II,松本润 香川照之 木村文乃
2018,日剧,冬,anone,广濑铃 阿部隆史
2018,日剧,冬,FINAL.CUT,龟梨和也 藤木直人 栗山千明
2018,日剧,冬,UNNATURAL,石原里美 洼田正孝 井浦新 药师丸博子 松重丰
2018,日剧,冬,家族的旅途,泷泽秀明 远藤宪一
2018,日剧,冬,精灵守护者最终章,绫濑遥
2018,日剧,冬,致命之吻,门胁麦 山崎贤人 新木优子
2018,日剧,冬,贴身警卫,木村拓哉 江口洋介 上川隆也
2018,日剧,冬,邻家月更圆,松山研一 深田恭子
2018,日剧,冬,隐匿于冬,波瑠
2018,日剧,夏,GoodDoctor,上野树里 山崎贤人 藤木直人
2018,日剧,夏,侦探过早,泷藤贤一 广濑爱丽丝
2018,日剧,夏,删除,山田孝之 菅田将晖 麻生久美子
2018,日剧,夏,啦啦队之舞,土屋太凤 新木优子 小田切让
2018,日剧,夏,生存婚礼,波瑠 吉沢亮 生濑胜久
2018,日剧,夏,秃鹰,绫野刚 渡部笃郎 沢尻绘理香
2018,日剧,夏,绝对零度～未然犯罪潜入搜查,上户彩 泽村一树 本田翼
2018,日剧,夏,继母与女儿的蓝调,绫濑遥 竹野内丰 佐藤健 上白石萌歌
2018,日剧,夏,谢谢你在世界的角落找到我,松坂桃李 松本穗香
2018,日剧,夏,软饭男,洼田正孝 川口春奈
2018,日剧,夏,零一攫千金游戏,加藤成亮 间宫祥太朗
2018,日剧,春,Miss Devil 恶魔人事·椿真子,菜菜绪 木村佳乃
2018,日剧,春,信号-长期未结案件搜查班,坂口健太郎 吉濑美智子 北村一辉
2018,日剧,春,信用诈欺师JP,长泽雅美 东出昌大 小日向文世
2018,日剧,春,基督山伯爵,藤冈靛 山本美月
2018,日剧,春,悬崖边的酒店,户田惠梨香
2018,日剧,春,有家可归的恋人们,中谷美纪 玉木宏 木村多江
2018,日剧,春,未解决之女警视厅文书搜查官,波瑠 远藤宪一 泽村一树 光石研
2018,日剧,春,正义检事,吉高由里子 安田显 矢部谦三
2018,日剧,春,神探夏洛克小姐,竹内结子 贯地谷诗绘梨 泷藤贤一
2018,日剧,春,记忆,中井贵一
2018,日剧,春,适婚女郎,佐佐木希 夏菜
2018,日剧,春,黑色止血钳,二宫和也 竹内凉真 葵若菜 小泉孝太郎
2018,日剧,秋,Legal V～前律师·小鸟游翔子,米仓凉子 向井理 林遣都 菜菜绪
2018,日剧,秋,SUITS,织田裕二 中岛裕翔 新木优子 铃木保奈美
2018,日剧,秋,下町火箭,阿部宽 土屋太凤
2018,日剧,秋,大恋爱,户田惠梨香 室毅
2018,日剧,秋,小偷刑警,中岛健人 远藤宪一 稻森泉
2018,日剧,秋,我是大哥大,伊藤健太郎 贺来贤人 清野菜名 桥本环奈
2018,日剧,秋,这份恋情有罪吗,柏木由纪 坂口健太郎
2018,日剧,秋,远藤宪一和宫藤官九郎之让我受教,远藤宪一
2018,日剧,秋,骚扰游戏,唐泽寿明 广濑爱丽丝
2019,日剧,冬,3年A班 -现在开始，全员人质,菅田将晖 永野芽郁 川荣李奈 上白石萌歌 椎名桔平
2019,日剧,冬,Trace~科搜研之男,锦户亮 新木优子
2019,日剧,冬,傲骨贤妻,常盘贵子 唐泽寿明 小泉孝太郎 泷藤贤一
2019,日剧,冬,冤罪律师,坂口健太郎 川口春奈 藤木直人
2019,日剧,冬,初恋那一天所读的故事,深田恭子 永山绚斗 中村伦也 生濑胜久
2019,日剧,冬,卖房子的女人的逆袭,北川景子 松田翔太 工藤阿须加
2019,日剧,冬,四叶银行 原岛浩美有异议,真木阳子
2019,日剧,冬,孤高的手术刀,泷泽秀明 仲村亨 工藤阿须加 山本美月
2019,日剧,冬,新月,高桥一生 工藤阿须加 大政绚
2019,日剧,冬,特摄GAGAGA,小芝风花 木南晴夏 武田玲奈
2019,日剧,冬,警察之家,高畑充希 西岛秀俊 近藤正臣
2019,日剧,夏,NoSideGame,大泉洋 松隆子 上川隆也
2019,日剧,夏,SIGN法医学者柚木贵志的事件,大森南朋 松雪泰子 饭丰万理江 仲村亨
2019,日剧,夏,TWO WEEKS,三浦春马 芳根京子 比嘉爱未 矶村勇斗 黑木瞳
2019,日剧,夏,Voice 110紧急指令室,唐泽寿明 真木阳子
2019,日剧,夏,于是活下去,坂口健太郎 有村架纯
2019,日剧,夏,人生I字路,室毅 田中圭 古田新太
2019,日剧,夏,伪装出轨,杏 仲间由纪惠 谷原章介
2019,日剧,夏,全裸导演,山田孝之
2019,日剧,夏,凪的新生活,黑木华 高桥一生 吉田羊 唐田英里佳
2019,日剧,夏,天国餐厅,石原里美 福士苍汰
2019,日剧,夏,学园爆笑王,间宫祥太朗 小芝风花 德永绘理 寺岛进
2019,日剧,夏,法医朝颜,上野树里 时任三郎 风间俊介 志田未来
2019,日剧,夏,爆炸头田中,贺来贤人 夏帆
2019,日剧,夏,诈欺刑警,木村文乃 远藤宪一 高杉真宙
2019,日剧,夏,鲁邦之女,深田恭子 濑户康史 渡部笃郎
2019,日剧,春,In Hand,山下智久 菜菜绪 滨田岳
2019,日剧,春,东京单身男子,高桥一生 齐藤工 泷藤贤一 仲里依纱
2019,日剧,春,坡道上的家,柴崎幸 田边诚一 伊藤步 酒井美纪 光石研
2019,日剧,春,女人们的秘密,长谷川京子 水野美纪 大政绚 篠田麻里子
2019,日剧,春,完美世界,松坂桃李 山本美月
2019,日剧,春,恶党 ～加害者追踪调查,松重丰 东出昌大 新川优爱 莲佛美沙子 柄本明 板谷由夏
2019,日剧,春,我要准时下班,吉高由里子
2019,日剧,春,放射科的诊断报告,洼田正孝 本田翼 远藤宪一
2019,日剧,春,昨日的美食,西岛秀俊 内野圣阳
2019,日剧,春,白衣战士,中条彩未 水川麻美 安田显 泽村一树
2019,日剧,春,草莓之夜,二阶堂富美 龟梨和也 江口洋介
2019,日剧,春,都立水商令和,龙星凉
2019,日剧,春,集团左迁,福山雅治 香川照之 神木隆之介
2019,日剧,秋,CHEAT~各位诈骗犯们，请注意,本田翼 风间俊介
2019,日剧,秋,DoctorX6,米仓凉子 内田有纪 远藤宪一 河北麻友子 西田敏行
2019,日剧,秋,G弦上的你和我,波瑠 中川大志
2019,日剧,秋,TOP LEAGUE,玉山铁二 阵内孝则 小雪
2019,日剧,秋,东京大饭店,木村拓哉 铃木京香 及川光博 泽村一树
2019,日剧,秋,刑警Y的叛乱,贺来贤人 广末凉子 井浦新 北村一辉
2019,日剧,秋,前男友狂,新木优子 高良健吾
2019,日剧,秋,同期的樱,高畑充希 桥本爱 龙星凉 相武纱季
2019,日剧,秋,四分钟的金盏菊,福士苍汰 奈奈绪 桐谷健太 佐藤隆太
2019,日剧,秋,夏洛克,藤冈靛
2019,日剧,秋,扭曲的波纹,松田龙平 松山研一 小芝风花
2019,日剧,秋,挖角专家～猎头的做派,松下奈绪 内田有纪 渡部笃郎 要润
2019,日剧,秋,时效警察开始了,小田切让 麻生久美子 吉冈里帆
2019,日剧,秋,晴～综合商社之女,中谷美纪 藤木直人
2019,日剧,秋,还不能结婚的男人,阿部宽 吉田羊 稻森泉
1996,晨间剧,春,向日葵,松岛菜菜子
2001,晨间剧,春,水姑娘,国仲凉子 山田孝之
2003,晨间剧,春,水姑娘2,国仲凉子 山田孝之
2003,晨间剧,秋,晴朗家族,上野树里 石原里美 锦户亮
2004,晨间剧,秋,水姑娘3,国仲凉子 山田孝之
2006,晨间剧,春,纯情闪耀,宫崎葵 西岛秀俊
2007,晨间剧,冬,水姑娘4,国仲凉子 山田孝之
2007,晨间剧,春,旅馆家的儿媳,比嘉爱未
2010,晨间剧,春,怪怪怪的妻子,松下奈绪 向井理 大杉涟
2010,晨间剧,秋,幸福铁板烧,泷本美织 远藤宪一
2011,晨间剧,夏,太阳公公,井上真央 高良健吾 樋口可南子 永山绚斗
2012,晨间剧,夏,小梅医生,堀北真希 松坂桃李 小出惠介 高桥克实 木村文乃
2012,晨间剧,秋,纯与爱,夏菜 风间俊介
2013,晨间剧,春,海女,能年玲奈 桥本爱 小泉今日子 福士苍汰 药师丸博子 小池彻平
2013,晨间剧,秋,多谢款待,杏 东出昌大 高畑充希 原田泰造 近藤正臣 菅田将晖
2014,晨间剧,春,花子与安妮,吉高由里子 仲间由纪惠
2015,晨间剧,春,小希,土屋太凤 山崎贤人 常盘贵子 大泉洋
2015,晨间剧,秋,阿浅来了,波瑠 玉木宏 宫崎葵 藤冈靛 小芝风花 吉冈里帆 近藤正臣
2016,晨间剧,春,当家姐姐,高畑充希 西岛秀俊 唐泽寿明 木村多江 向井理
2017,晨间剧,春,雏鸟,有村架纯 泽村一树 木村佳乃
2017,晨间剧,秋,笑天家,葵若菜 松坂桃李 高桥一生 远藤宪一 铃木保奈美
2018,晨间剧,春,一半蓝色,永野芽郁 泷藤贤一 清野菜名 中村伦也
2018,晨间剧,秋,万福,安藤樱 长谷川博己 内田有纪
2019,晨间剧,春,夏空,广濑铃 藤木直人 松岛菜菜子
2007,SP,-,白虎队,山下智久 药师丸博子
2009,SP,-,黑部的太阳,香取慎吾 绫濑遥
2010,SP,-,爱能看见~全盲夫妇孕育的小生命,上户彩
2010,SP,-,球形的荒野,江口洋介 比嘉爱未
2010,SP,-,离婚症候群,中谷美纪
2011,SP,-,乱马1／2,渡部笃郎 夏菜 新垣结衣
2011,SP,-,厕所女神,夏川结衣
2011,SP,-,故乡～女儿的旅程,堀北真希
2011,SP,-,红手指,阿部宽
2012,SP,-,毛骨悚然撞鬼经2012夏季特别篇,不明
2012,SP,-,毛骨悚然撞鬼经,山下智久 刚力彩芽
2012,SP,-,浪花少年侦探团,多部未华子
2012,SP,-,花嫁,仲间由纪惠
2012,SP,-,金田一耕助vs明智小五郎,山下智久 伊藤英明 武井咲
2013,SP,-,LEGAL.HIGH SP,堺雅人 新垣结衣 生濑胜久
2013,SP,-,SPEC～零,户田惠梨香
2013,SP,-,凌晨三点的混乱地带,本田翼 小田切让
2013,SP,-,女信长,天海佑希 长泽雅美 小雪
2013,SP,-,廉价航班,桐谷美玲 竹内结子
2013,SP,-,花之锁,中谷美纪 户田惠梨香 松下奈绪
2013,SP,-,金田一耕助vs明智小五郎,山下智久 武井咲
2014,SP,-,LEGAL.HIGH.SP2,堺雅人 新垣结衣 生濑胜久
2014,SP,-,上锁的房间SP,大野智 户田惠梨香
2014,SP,-,沉睡的森林,阿部宽 石原里美
2014,SP,-,黑色福音,瑛太 竹内结子
2015,SP,-,KUROHA 机捜の女性捜査官,杏
2015,SP,-,东方快车谋杀案,佐藤浩市 玉木宏 杏 松岛菜菜子 二宫和也 泽村一树
2015,SP,-,以我为名的变奏曲,天海佑希 远藤宪一
2015,SP,-,复仇法庭,田村正和 竹内结子
2015,SP,-,阴差阳错的女演员们2015,竹内结子 水川麻美 真木阳子
2016,SP,-,Doctor-X,米仓凉子
2016,SP,-,再见了德彪西,东出昌大 黑岛结菜
2016,SP,-,孤独的美食家之北海道,松重丰
2016,SP,-,富士家族,小泉今日子 药师丸博子
2016,SP,-,巨恶休想入眠,玉木宏 相武纱季
2016,SP,-,往复书简～十五年后的补习,松下奈绪
2016,SP,-,心理科学家成海朔的挑战,山下智久 木村文乃
2016,SP,-,望乡,广末凉子 田中圭
2016,SP,-,松本清张两夜连续SP,田村正和 广末凉子 水川麻美
2016,SP,-,这座城市的生命,户田惠梨香 加濑亮
2016,SP,-,阴差阳错的女演员们2016,广末凉子 井川遥 齐藤由贵
2016,SP,-,黑色树海,北川景子 向井理
2017,SP,-,731部队的真相,不明
2017,SP,-,BORDER 冲动～验尸官·比嘉美香,波瑠
2017,SP,-,BORDER 赎罪,小栗旬 波瑠
2017,SP,-,LEADERSⅡ,佐藤浩市
2017,SP,-,不愉快的果实～第三年的见异思迁,栗山千明
2017,SP,-,但是我想结婚,栗山千明
2017,SP,-,女人的勋章,松岛菜菜子 玉木宏
2017,SP,-,宽松世代又如何SP,冈田将生 松坂桃李
2017,SP,-,富士家族,药师丸博子 小泉今日子
2017,SP,-,岂荣巨恶逍遥法外,玉木宏
2017,SP,-,我们的勇气未满都市,相叶雅纪 松本润 矢田亚希子
2017,SP,-,无人生还,仲间由纪惠 向井理
2017,SP,-,最上的命医2017,齐藤工
2017,SP,-,校阅女孩,石原里美 木村文乃 本田翼
2017,SP,-,没有花与果实的森林,东山纪之 中山美穗 相武纱季
2017,SP,-,王牌书店员们的精选之作,大泉洋 土屋太凤 向井理
2017,SP,-,破狱,山田孝之 满岛光 北野武
2017,SP,-,绫濑遥质问战争,绫濑遥
2017,SP,-,羁绊~奔跑的奇迹小马,新垣结衣
2017,SP,-,警部补碓冰弘一 ～杀人的练习曲,相武纱季
2018,SP,-,68岁的新入社员,高畑充希
2018,SP,-,CodeBlue3,山下智久 新垣结衣 户田惠梨香 比嘉爱未
2018,SP,-,Sniffer 嗅觉搜查官,阿部宽 香川照之
2018,SP,-,不能去学校的我直到写出《未闻花名》《心在呐喊》,前田敦子
2018,SP,-,与不是A的你,佐藤浩市 天海佑希
2018,SP,-,世界奇妙物语 2018春季特别篇,不明
2018,SP,-,乱反射,妻夫木聪 井上真央
2018,SP,-,伊藤君A到E,木村文乃 志田未来 佐佐木希 夏帆 冈田将生 田中圭
2018,SP,-,侦探物语,齐藤工
2018,SP,-,兄妹,大泉洋 宫崎葵 泷本美织
2018,SP,-,创作英雄之男石森章太郎的故事,中岛健人 林遣都 木村文乃
2018,SP,-,午夜日志～追查消失的绑匪,竹野内丰 上户彩
2018,SP,-,命案目睹记：卧铺特急杀人事件,天海佑希
2018,SP,-,嗅觉搜查官,阿部宽 香川照之
2018,SP,-,培养了天才的妻子,天海佑希 佐佐木藏之介
2018,SP,-,夕岚之街樱之国2018,常盘贵子 川荣李奈 小芝风花 工藤阿须加 谷原章介
2018,SP,-,大叔之爱,田中圭
2018,SP,-,大女演员杀人事件～破镜谋杀案,泽村一树 黑木瞳
2018,SP,-,天邪鬼-前外科医生杀手挑战医疗的黑暗,唐泽寿明 木村多江
2018,SP,-,女儿的结婚,中井贵一 波瑠
2018,SP,-,忘却的幸子,高畑充希
2018,SP,-,指定律师,北川景子 北村一辉 生濑胜久 松重丰
2018,SP,-,未解決事件 赤报队事件,草剪刚
2018,SP,-,未解決事件7 警察庁长官狙击案,国村准 小日向文世
2018,SP,-,消灭癌症的陷阱,唐泽寿明 渡部笃郎 及川光博
2018,SP,-,深夜中的超级跑车,山本美月 唐泽寿明
2018,SP,-,满愿,西岛秀俊 安田显 高良健吾
2018,SP,-,热爱太阳的人1964年那天的残奥会,向井理 上户彩
2018,SP,-,爱吃拉面的小泉同学,早见明里
2018,SP,-,船越英一郎杀人事件,船越英一郎 夏菜
2018,SP,-,诱拐法庭,松岛菜菜子
2018,SP,-,过保护的加穗子,高畑充希 竹内凉真
2018,SP,-,都厅爆炸,长谷川博己 渡部笃郎
2018,SP,-,黑井户疑案,大泉洋 向井理 松冈茉优
2019,SP,-,BRIDGE始于19950117神户,井浦新 吉田羊
2019,SP,-,Code Blue剧场版,山下智久 新垣结衣 户田惠梨香
2019,SP,-,Pure！～一日偶像署长事件簿,滨边美波 东出昌大
2019,SP,-,W的悲剧,土屋太凤
2019,SP,-,下町火箭,阿部宽 竹内凉真
2019,SP,-,住在那个家里的四个女人,宫本信子 中谷美纪 吉冈里帆 永作博美
2019,SP,-,侦探过早,广濑爱丽丝 泷藤贤一
2019,SP,-,信用欺诈师JP 运势篇,长泽雅美 东出昌大 小日向文世
2019,SP,-,信,龟梨和也 佐藤隆太 本田翼 广濑爱丽丝 中村伦也
2019,SP,-,名侦探·明智小五郎,伊藤淳史 西岛秀俊 香川照之
2019,SP,-,嫌疑,米仓凉子 黑木华
2019,SP,-,忍者！右左卫门,内村光良 伊藤健太郎 堤真一 永野芽郁 古田新太 室毅 药师丸博子
2019,SP,-,忍者！右左卫门,内村光良 向井理 伊藤健太郎 室毅 古田新太
2019,SP,-,恶魔的手球歌~金田一耕助，又来了,加藤成亮 生濑胜久 中条彩未 木南晴夏
2019,SP,-,悲惨世界无尽之旅,藤冈靛 井浦新 山本美月 长谷川京子
2019,SP,-,我的初恋献给你 番外篇 情人节大作战,不明
2019,SP,-,我的初恋献给你 番外篇 那个出现在房间里,不明
2019,SP,-,掩于深冬～夏天也冷得要死,波瑠
2019,SP,-,未解决之女,波瑠 铃木京香 泽村一树 工藤阿须加
2019,SP,-,梦想食堂的料理人～1964东京奥运会选手村的故事,高良健吾 松本穗香
2019,SP,-,死命～刑警的时限,贺来贤人 吉田钢太郎 莲佛美沙子
2019,SP,-,永远的领袖,松本润
2019,SP,-,法医 朝颜 特别篇 夏天结束了，然后,上野树里
2019,SP,-,浮世画家,渡边谦 佐藤隆太
2019,SP,-,牵绊脚踏板,相叶雅纪 药师丸博子 田中圭 波瑠
2019,SP,-,犬神家族,加藤成亮 黑木瞳
2019,SP,-,白色巨塔,冈田准一 松山研一 沢尻绘理香 松重丰
2019,SP,-,矶野家的人们～20年后的海螺小姐,天海佑希 成田凌 滨田岳 芳根京子
2019,SP,-,砂之器,东山纪之 中岛健人 柄本明 土屋太凤 野村周平
2019,SP,-,约定的舞台,土屋太凤 百合夏菜子 矢田亚希子 向井理
2019,SP,-,谋杀启事,泽村一树 荒川良良
2020,SP,-,不谐和音 火之刑警 VS 冰之检察官,田中圭 中村伦也
2020,SP,-,世界奇妙物语,不明
2020,SP,-,京都小住,木村文乃 近藤正臣
2020,SP,-,初恋,真木阳子 上白石萌歌
2020,SP,-,异乡人~上海的芥川龙之介,松田龙平
2020,SP,-,忘却的幸子,高畑充希
2020,SP,-,教场,木村拓哉
2020,SP,-,明日家族,宫崎葵 松重丰 瑛太
2020,SP,-,继母与女儿的蓝调,绫濑遥 上白石萌歌 佐藤健
2020,SP,-,被盯上的半泽直树的密码,吉沢亮 今田美樱
2020,SP,-,黑蜥蜴,凉 永山绚斗
1976,日影,-,追捕,高仓健 中野良子
1983,日影,-,南极物语,高仓健
1997,日影,-,三天两夜,江角真纪子 唐泽寿明
1997,日影,-,失乐园,黑木瞳 役所广司
1999,日影,-,铁道员,高仓健 广末凉子
2001,日影,-,狗神,天海佑希 渡部笃郎
2003,日影,-,像阿修罗一样,黑木瞳 深田恭子 深津绘里
2004,日影,-,Hana & Alice ,苍井优 仲间由纪惠
2004,日影,-,大约在雨季,竹内结子
2004,日影,-,摇摆少女,上野树里
2005,日影,-,乌龟意外之速游,上野树里 苍井优
2005,日影,-,夏日时光机,瑛太 上野树里
2005,日影,-,广岛昭和20年8月6日,松隆子 长泽雅美 加藤爱
2005,日影,-,电车男电影版,山田孝之 中谷美纪 国仲凉子 瑛太
2006,日影,-,有顶天酒店,松隆子 矢部谦三
2006,日影,-,死亡笔记真人版1-2-3,藤原龙也 松山研一 户田惠梨香
2006,日影,-,鬼来电,堀北真希 黑木明纱
2007,日影,-,坏家伙,松田翔太 新垣结衣
2007,日影,-,妹妹恋人,松本润 荣仓奈奈
2007,日影,-,恋爱星期天我恋爱了,堀北真希 洼冢俊介 高冈早纪
2007,日影,-,色欲迷墙,苍井空
2007,日影,-,转转,小田切让 三浦友和 小泉今日子 松重丰
2007,日影,-,黄色眼泪,二宫和也 相叶雅纪 樱井翔 大野智 松本润
2008,日影,-,应援少女,新垣结衣 柄本时生 永山绚斗
2008,日影,-,快乐飞行,绫濑遥 田边诚一 时任三郎
2008,日影,-,百万元与苦虫女,苍井优 森山未来
2008,日影,-,飞行兔子,石原里美 真木阳子 白石美帆
2009,日影,-,交响情人梦最终乐章,玉木宏 上野树里
2009,日影,-,交响情人梦最终乐章：后篇,玉木宏 上野树里
2009,日影,-,女神的报酬,织田裕二 天海佑希 户田惠梨香
2009,日影,-,巨乳排球,绫濑遥
2009,日影,-,弯曲吧！汤匙,长泽雅美
2009,日影,-,抽屉里的情书,常盘贵子
2009,日影,-,无名爱歌,夏川结衣 新垣结衣 草剪刚
2009,日影,-,赌博默示录1,藤原龙也 天海佑希 香川照之
2009,日影,-,赌博默示录2,藤原龙也 生濑胜久 吉高由里子
2009,日影,-,零的焦点,广末凉子 中谷美纪 木村多江 西岛秀俊
2010,日影,-,告白,松隆子
2010,日影,-,宇宙战舰大和号,木村拓哉 柳叶敏郎 黑木明纱
2010,日影,-,新熟女时代,相武纱季 水川麻美 长谷川京子 小雪 柏原崇 高良健吾 吉田羊
2010,日影,-,极恶非道1,北野武 三浦友和
2010,日影,-,极恶非道2,北野武 三浦友和
2010,日影,-,海边旅店,生田斗真 麻生久美子 山田孝之
2010,日影,-,美穗的小酒窝,广末凉子 长濑智也
2010,日影,-,诈欺游戏之最终舞台,户田惠梨香 松田翔太
2010,日影,-,金色梦乡,堺雅人
2011,日影,-,丈夫得了抑郁症,堺雅人 宫崎葵
2011,日影,-,上班族,小池彻平 泽村一树 生濑胜久
2011,日影,-,丰臣公主,堤真一 冈田将生 绫濑遥
2011,日影,-,了不起的偷拍,深津绘里 竹内结子 阿部宽 西田敏行
2011,日影,-,大木家的快乐旅行-新婚地狱篇,水川麻美 竹野内丰
2011,日影,-,安达卢西亚：女神的报复,织田裕二 户田惠梨香 黑木明纱
2011,日影,-,幸福的黄手帕,阿部宽 堀北真希
2011,日影,-,我和妻子的1778个故事,草彅刚 竹内结子 谷原章介 吉濑美智子 大杉涟
2011,日影,-,战国时代不在服务区,有村架纯
2011,日影,-,有屋顶平台的公寓,长泽雅美
2011,日影,-,每日妈妈,小泉今日子
2011,日影,-,源氏物语-千年之谜,中谷美纪 生田斗真
2011,日影,-,白兔糖,松山研一 户田爱菜
2011,日影,-,白夜行,堀北真希 高良健吾
2011,日影,-,第八日的蝉,井上真央
2011,日影,-,花水木,新垣结衣 生田斗真 莲佛美沙子 向井理 药师丸博子
2011,日影,-,这样就好电影赤塚不二夫,浅野忠信 堀北真希 阿部力 木村多江
2011,日影,-,隼鸟,竹内结子
2011,日影,-,黎明破晓的街道,深田恭子
2012,日影,-,POV被诅咒的胶片,志田未来 川口春奈
2012,日影,-,今天开始恋爱吧,武井咲 沟端淳平
2012,日影,-,再也不绑架了,大野智 新垣结衣 佐藤隆太 成宫宽贵
2012,日影,-,再会,江口洋介 常盘贵子 堤真一
2012,日影,-,卖梦的两人,松隆子 阿部隆史
2012,日影,-,危险的斜面,长谷川京子 渡部笃郎
2012,日影,-,小好、小麻、佐和子,真木阳子 柴崎幸 染谷将太 井浦新
2012,日影,-,市长之死,反町隆史 木村多江
2012,日影,-,幸福的面包,八木优希 大泉洋
2012,日影,-,得买新鞋啦,中山美穗  向井理  桐谷美玲 
2012,日影,-,成为我的奴隶,坛蜜
2012,日影,-,我要乘着轮椅飞向天空,上户彩 二宫和也
2012,日影,-,永远的三丁目的夕阳64,堀北真希 小雪
2012,日影,-,爱与诚,武井咲
2012,日影,-,盗钥匙的方法,堺雅人 广末凉子 香川照之
2012,日影,-,罗马浴场,阿部宽 上户彩
2012,日影,-,致亲爱的你,高仓健 佐藤浩市 绫濑遥 草剪刚
2012,日影,-,苦役列车,森山未来 高良健吾 前田敦子
2012,日影,-,荒川爆笑团,桐谷美玲
2012,日影,-,萤之光,绫濑遥 藤木直人
2012,日影,-,那夜的武士,堺雅人 山田孝之
2012,日影,-,麒麟之翼,阿部宽 新垣结衣 松坂桃李 菅田将晖 中井贵一
2013,日影,-,REAL～完美的蛇颈龙之日,绫濑遥
2013,日影,-,二十四只眼睛,松下奈绪
2013,日影,-,县厅招待课,锦户亮 堀北真希
2013,日影,-,受难,岩佐真悠子 古馆宽治
2013,日影,-,向日葵与幼犬的7天,堺雅人 中谷美纪
2013,日影,-,向阳处的她,松本润 上野树里
2013,日影,-,大空港,竹内结子 香川照之 户田惠梨香
2013,日影,-,宅男之恋,夏帆 星野源 大杉涟 黑木瞳
2013,日影,-,我只是还没有全力以赴,堤真一 山田孝之 生濑胜久
2013,日影,-,横道,高良健吾 吉高由里子 绫野刚 伊藤步 井浦新
2013,日影,-,江之岛棱镜,本田翼 福士苍汰 野村周平
2013,日影,-,甜蜜皮鞭,坛蜜
2013,日影,-,白金数据,二宫和也 铃木保奈美 杏 矢部谦三
2013,日影,-,神探伽利略XX～内海薰最后的案件,福山雅治 柴崎幸 柳乐优弥
2013,日影,-,脑男,江口洋介 生田斗真
2013,日影,-,艳之夜,阿部宽 真木阳子
2013,日影,-,迷雾中的蝴蝶,佐藤健 三浦翔平 反町隆史 相武纱季
2013,日影,-,道歉大师,阿部隆史 井上真央
2013,日影,-,重逢的加奈子,广末凉子 稻垣吾郎
2014,日影,-,Judge,妻夫木聪 北川景子
2014,日影,-,三亿日元抢劫案,田村正和 余贵美子
2014,日影,-,哪啊哪啊神去村,长泽雅美
2014,日影,-,圈套 - 最后的舞台,仲间由纪惠 阿部宽
2014,日影,-,太阳坐落之处,水川麻美
2014,日影,-,小野寺姐弟,向井理
2014,日影,-,幕末高校生,玉木宏 石原里美 川口春奈
2014,日影,-,幸运情人草,武井咲
2014,日影,-,感受大海的时刻,市川由衣
2014,日影,-,我的故事,铃木亮平 永野芽郁 坂口健太郎 伊藤健太郎
2014,日影,-,浪客剑心之京都大火篇,武井咲
2014,日影,-,浪客剑心之传说的最终篇,佐藤健 武井咲
2014,日影,-,渴望,役所广司 小松菜奈 妻夫木聪 桥本爱 二阶堂富美
2014,日影,-,潘多拉～永恒之命,堺雅人 尾野真千子
2014,日影,-,热血之路,能年玲奈
2014,日影,-,白雪公主杀人事件,井上真央 奈奈绪 绫野刚
2014,日影,-,真幌站前狂想曲,瑛太 松田龙平
2014,日影,-,真英雄,唐泽寿明 福士苍汰
2014,日影,-,神的病历簿1,宫崎葵 樱井翔
2014,日影,-,神的病历簿2,宫崎葵 樱井翔 藤原龙也
2014,日影,-,葡萄的眼泪,大泉洋 安藤裕子 染谷将太
2014,日影,-,西野的恋爱与冒险,竹野内丰 尾野真千子 本田翼
2014,日影,-,近距离恋爱,山下智久 小松菜奈 水川麻美
2014,日影,-,青春之旅,本田翼 东出昌大
2014,日影,-,鲁班三世,小栗旬 黑木明纱 绫野刚 言承旭
2014,日影,-,鼹鼠之歌,生田斗真 仲里依纱
2015,日影,-,S-最后的警官-夺回,向井理 新垣结衣
2015,日影,-,上流阶层～富久丸百货店外商部,竹内结子
2015,日影,-,再见了金钱前往贫困村,松田龙平 松隆子
2015,日影,-,千兆赎金,香取慎吾 本田望结 仲里依纱
2015,日影,-,吸血鬼之恋,桐谷美玲
2015,日影,-,天才侦探御手洗：难解事件档案之折伞的女人,玉木宏
2015,日影,-,天空之蜂,江口洋介 仲间由纪惠
2015,日影,-,小森林冬春篇,桥本爱 松冈茉优
2015,日影,-,小森林夏秋篇,桥本爱
2015,日影,-,愚人节,户田惠梨香 松坂桃李
2015,日影,-,演员龟冈拓次,安田显 麻生久美子
2015,日影,-,爱的成人式,松田翔太 木村文乃 前田敦子
2015,日影,-,脑内中毒大作战,真木阳子 西岛秀俊 神木隆之介 古川雄辉 吉田羊
2015,日影,-,蚱蜢,波瑠 生田斗真
2015,日影,-,进击的巨人,三浦春马 水原希子
2015,日影,-,逃婚女与见习男,大泉洋 户田惠梨香 满岛光
2015,日影,-,闪烁的爱情,有村架纯
2015,日影,-,黎明的沙耶,新垣结衣 大泉洋
2016,日影,-,乞爱之人,筱原凉子
2016,日影,-,伤心往事,小泉今日子 二阶堂富美 高良健吾
2016,日影,-,何者,有村架纯 山田孝之 菅田将晖 冈田将生
2016,日影,-,信长协奏曲,小栗旬 柴崎幸 山田孝之
2016,日影,-,像那一样的东西,北川景子 松山研一
2016,日影,-,冰之辙,柴崎幸
2016,日影,-,十字架,小出惠介 木村文乃
2016,日影,-,只有我不在的街道,有村架纯
2016,日影,-,垫底辣妹,有村架纯 伊藤淳史
2016,日影,-,安昙春子下落不明,苍井优 高畑充希
2016,日影,-,家族之苦,妻夫木聪 苍井优
2016,日影,-,少女,本田翼 山本美月
2016,日影,-,少爷,二宫和也
2016,日影,-,幸福的不在场证明,木村多江 木南晴夏 柳叶敏郎
2016,日影,-,废柴电影梦,不明
2016,日影,-,忍者怪物,藤冈靛 森川葵
2016,日影,-,我明天爱上昨天的你,福士苍汰
2016,日影,-,我父亲和伊藤先生,上野树里
2016,日影,-,我的叔叔,松田龙平 真木阳子
2016,日影,-,战舰武藏,石原里美
2016,日影,-,新哥斯拉,石原里美 竹野内丰 高桥一生
2016,日影,-,早安秀,长泽雅美 中井贵一
2016,日影,-,星丘车站失物招领,佐佐木希 菅田将晖
2016,日影,-,星笼之海 侦探御手洗的事件簿,玉木宏
2016,日影,-,暗杀教室,二宫和也 桐谷美玲 
2016,日影,-,暗金丑岛君the Final 2016,山田孝之
2016,日影,-,植物馆图鉴,高畑充希
2016,日影,-,死亡笔记：点亮新世界,东出昌大 菅田将晖
2016,日影,-,残秽 不能住的房间,竹内结子 桥本爱
2016,日影,-,"殿下,给点利息",瑛太 妻夫木聪 阿部隆史 竹内结子
2016,日影,-,比海更深,阿部宽 真木阳子
2016,日影,-,毛骨悚然,西岛秀俊 香川照之 竹内结子 东出昌大 川口春奈
2016,日影,-,濑户内少年棒球团,武井咲
2016,日影,-,火星异种,武井咲 山下智久 山田孝之 小栗旬
2016,日影,-,特命指挥官,松下奈绪
2016,日影,-,独自一人的第五年,渡边谦 高桥克实 木村多江
2016,日影,-,狱门岛,长谷川博己
2016,日影,-,献给你的勋章,樱井翔 长泽雅美 香川照之
2016,日影,-,珠穆朗玛峰~众神之巅,冈田准一 阿部宽 尾野真千子
2016,日影,-,生日卡片,桥本爱 宫崎葵
2016,日影,-,真田十勇士,松坂桃李 大岛优子 永山绚斗
2016,日影,-,秘密,生田斗真 冈田将生 栗山千明 松坂桃李
2016,日影,-,突然成为老师的我和她恋爱了,佐佐木希
2016,日影,-,粉与灰,中岛裕翔 菅田将晖 夏帆
2016,日影,-,老人交响乐团,杏
2016,日影,-,英雄迷的生活,东出昌大
2016,日影,-,莫西干返乡记,松田龙平 前田敦子
2016,日影,-,藤田嗣,小田切让 中谷美纪
2016,日影,-,讨厌的女人,吉田羊 木村佳乃
2016,日影,-,请叫我英雄,大泉洋 有村架纯 长泽雅美
2016,日影,-,请和我的妻子结婚,织田裕二 吉田羊
2016,日影,-,跨越栅栏,小田切让 苍井优 松田翔太 满岛真之介
2016,日影,-,金牌男,长泽雅美 木村多江 大泉洋
2016,日影,-,高台家族,绫濑遥 齐藤工 水原希子
2017,日影,-,22年的自白 我是凶手,藤原龙也 伊藤英明
2017,日影,-,3月的狮子01前篇,神木隆之介 有村架纯
2017,日影,-,3月的狮子02后篇,神木隆之介 有村架纯
2017,日影,-,P和JK,龟梨和也 土屋太凤
2017,日影,-,一周的朋友,山崎贤人 川口春奈
2017,日影,-,不干了我开除了黑心公司,福士苍汰 工藤阿须加
2017,日影,-,亚人,佐藤健 绫野刚
2017,日影,-,他的人生没有错,高良健吾
2017,日影,-,光,井浦新 瑛太 长谷川京子
2017,日影,-,公园,永野芽郁 桥本爱 染谷将太
2017,日影,-,关原之战,有村架纯 东出昌大
2017,日影,-,创造时代的男子阿久悠的故事,龟梨和也 松下奈绪
2017,日影,-,北斋博物馆,松田龙平 宫崎葵
2017,日影,-,北风和太阳的法庭,波瑠 冈田将生
2017,日影,-,夏美的萤火虫,有村架纯
2017,日影,-,天使图书话,小芝风花
2017,日影,-,奇迹那天如此重要,松坂桃李 菅田将晖 忽那汐里
2017,日影,-,女神大人,松井玲奈 新川优爱
2017,日影,-,她不知道名字的那些鸟儿,苍井优 阿部隆史 松坂桃李
2017,日影,-,家族之苦2,妻夫木聪 苍井优
2017,日影,-,小偷演员,丸山隆平 高畑充希
2017,日影,-,帝一之国,菅田将晖
2017,日影,-,幸存家庭,小日向文世 深津绘里
2017,日影,-,废柴父亲变英雄,泽村一树 广末凉子
2017,日影,-,忍者之国,大野智 石原里美
2017,日影,-,恋妻家宫本,阿部宽 天海佑希
2017,日影,-,恋恋难知音,夏菜 平岡祐太 吉田羊
2017,日影,-,恶魔蛙男,小栗旬 高桥周平
2017,日影,-,想成为奥田民生的男孩和让男人痴狂的女孩,妻夫木聪 水原希子
2017,日影,-,愚行録,妻夫木聪 满岛光 市川由衣
2017,日影,-,愤怒,渡边谦 妻夫木聪 高畑充希 宫崎葵
2017,日影,-,我想吃掉你的胰脏,滨边美波 小栗旬
2017,日影,-,摇曳不安的心,吉高由里子 松山研一 松坂桃李 清野菜名 木村多江
2017,日影,-,擂台物语,佐藤江梨子 瑛太
2017,日影,-,新宿天鹅2,绫野刚  广濑铃
2017,日影,-,无限之住人,木村拓哉 福士苍汰 户田惠梨香
2017,日影,-,日本最坏的一群人,绫野刚
2017,日影,-,昼颜,上户彩 齐藤工
2017,日影,-,暗黑女子,饭丰万理江 清水富美加
2017,日影,-,最后的警察,洼田正孝 唐泽寿明
2017,日影,-,最后的食谱麒麟之舌的记忆,二宫和也 西岛秀俊 宫崎葵 绫野刚
2017,日影,-,最终幻想女孩,松冈茉优
2017,日影,-,本能寺酒店,堤真一 绫濑遥
2017,日影,-,森山中驾校,野村周平 麻生久美子
2017,日影,-,武曲,绫野刚
2017,日影,-,泡吧侦探3,大泉洋 松田龙平 北川景子 前田敦子 松重丰
2017,日影,-,海边的生与死,满岛光 永山绚斗
2017,日影,-,火花,菅田将晖 桐谷健太 木村文乃
2017,日影,-,独家新闻 SCOOP,福山雅治 二阶堂富美 吉田羊 泷藤贤一
2017,日影,-,第三度嫌疑人,福山雅治 役所广司 广濑铃
2017,日影,-,美丽之星,龟梨和也 桥本爱
2017,日影,-,老爸是信长,田边诚一 竹中直人
2017,日影,-,请你肆意颤抖,松冈茉优
2017,日影,-,追忆,冈田准一 长泽雅美 小栗旬
2017,日影,-,重启咲良田 后篇,野村周平 黑岛结菜
2017,日影,-,重启良田,野村周平 黑岛结菜
2017,日影,-,鎌仓物语,堺雅人 高畑充希
2017,日影,-,钢之炼金术师,藤冈靛 本田翼 大泉洋
2017,日影,-,银魂,小栗旬 菅田将晖
2017,日影,-,雪耻女孩,桐谷美玲
2017,日影,-,青空呐喊,土屋太凤
2017,日影,-,鬼畜,木村多江 常盘贵子 玉木宏
2017,日影,-,鸟女,间宫祥太朗 土屋太凤
2017,日影,-,齐木楠雄的灾难,山崎贤人
2018,日影,-,50次初吻,长泽雅美 山田孝之 室毅 佐藤二朗
2018,日影,-,Leon,竹中直人 大政绚 吉泽亮
2018,日影,-,Parks,桥本爱 永野芽郁 染谷将太
2018,日影,-,,谎话连篇
2018,日影,-,不能犯,松坂桃李 泽尻绘里香 安田显 间宫祥太朗 真野惠里菜
2018,日影,-,今夜在浪漫剧场,绫濑遥 坂口健太郎 本田翼 北村一辉
2018,日影,-,以恶制恶,远藤宪一 竹中直人 高畑淳子 要润
2018,日影,-,假面饭店,木村拓哉 长泽雅美 渡部笃郎 小日向文世 生濑胜久
2018,日影,-,再见新参者当祈祷落幕时,阿部宽 松岛菜菜子 沟端淳平 及川光博
2018,日影,-,北之樱守,吉永小百合 堺雅人 筱原凉子 佐藤浩市 阿部宽 高岛礼子
2018,日影,-,去年冬天与你分别,山本美月 齐藤工 土村芳 北村一辉
2018,日影,-,友罪,生田斗真 瑛太 山本美月 夏帆 佐藤浩市
2018,日影,-,咖啡未冷前,有村架纯 伊藤健太郎 波瑠 林遣都 药师丸博子 吉田羊
2018,日影,-,增速驱动,东出昌大 新田真剑佑 森川葵
2018,日影,-,夜以继日,东出昌大
2018,日影,-,孤狼之血,役所广司 松坂桃李 真木阳子 泷藤贤一 江口洋介
2018,日影,-,家族之苦3,西村雅彦 夏川结衣 妻夫木聪 苍井优
2018,日影,-,小偷家族,安藤樱 松冈茉优
2018,日影,-,彼布利亚古书堂事件簿,野村周平 黑木华 成田凌 夏帆
2018,日影,-,恋如雨止,小松菜奈 大泉洋 吉田羊
2018,日影,-,恋爱回旋,新垣结衣 瑛太
2018,日影,-,恶与假面的规则,玉木宏 新木优子 吉泽亮
2018,日影,-,我们来做体操吧,草刈正雄 木村文乃 余贵美子 和久井映见
2018,日影,-,拉普拉斯的魔女,樱井翔 广濑铃 福士苍汰 志田未来
2018,日影,-,提高音量！我根本听不懂你在唱什么！,阿部隆史 吉冈里帆 千叶雄大 麻生久美子
2018,日影,-,摇摆的心,吉高由里子 松坂桃李
2018,日影,-,教诲师,大杉涟
2018,日影,-,来自大海的男人,藤冈靛 阿部纯子
2018,日影,-,樱桃男孩,林遣都
2018,日影,-,死神,福士苍汰 杉咲花 吉泽亮 真野惠里菜 田边诚一
2018,日影,-,沉睡的人鱼之家,筱原凉子 西岛秀俊 伊藤健太郎 川荣李奈
2018,日影,-,活着就是爱,趣里 菅田将晖 松重丰 仲里依纱
2018,日影,-,烤肉龙,真木阳子 井上真央 樱庭奈奈美 大泉洋 大谷亮平
2018,日影,-,爱上谎言的女人,长泽雅美 高桥一生 川荣李奈 黑木瞳 吉田钢太郎
2018,日影,-,爱之证,吉田羊 野村周平 吉田钢太郎 玉木宏 成田凌 广末凉子
2018,日影,-,犬猿,洼田正孝
2018,日影,-,空中轮胎,长濑智也 藤冈靛 高桥一生 深田恭子
2018,日影,-,空白的13年,高桥一生 松冈茉优 齐藤工 佐藤二朗
2018,日影,-,笑傲云天,福士苍汰 古川雄辉 东山纪之
2018,日影,-,等待春天的我们,土屋太凤
2018,日影,-,羊之树,锦户亮 木村文乃 北村一辉 松田龙平
2018,日影,-,老师君主,竹内凉真 滨边美波 川荣李奈 新川优爱
2018,日影,-,虽然只是弄丢了手机,北川景子 千叶雄大 田中圭 成田凌
2018,日影,-,那个女孩的俘虏,吉泽亮 新木优子
2018,日影,-,铁道家族,有村架纯 青木崇高
2018,日影,-,除蚤武士,阿部宽 前田敦子
2019,日影,-,七个会议,野村万斋 香川照之 及川光博 片冈爱之助
2019,日影,-,三更半夜居然要香蕉,大泉洋 高畑充希 三浦春马 佐藤浩市
2019,日影,-,不要哭，赤鬼,堤真一 柳乐优弥 川荣李奈 麻生祐未 木村绿子 龙星凉
2019,日影,-,东京喰种S,窪田正孝 山本舞香 知英 松田翔太
2019,日影,-,今天也是招人嫌的便当,筱原凉子 芳根京子 松井玲奈 佐藤隆太
2019,日影,-,你在月夜里闪耀光辉,永野芽郁 松本穗香 长谷川京子 及川光博
2019,日影,-,十二个想死的小孩,杉咲花 黑岛结菜 桥本环奈
2019,日影,-,大龄美女想相亲,黑川芽以 中村伦也 田中圭
2019,日影,-,平行世界 爱情故事,玉森裕太 吉冈里帆 染谷将太
2019,日影,-,恶之华,伊藤健太郎 玉城Tina 秋田汐梨 饭丰万理江
2019,日影,-,我在你床下,高良健吾
2019,日影,-,文福茶釜,骏河太郎 小芝风花
2019,日影,-,新闻记者,松坂桃李 本田翼 西田尚美
2019,日影,-,最初的晚餐,染谷将太 户田惠梨香 洼冢洋介 齐藤由贵
2019,日影,-,朋克武士,绫野刚 北川景子 东出昌大 染谷将太 浅野忠信
2019,日影,-,杀手寓言,冈田准一 木村文乃 山本美月 福士苍汰 柳乐优弥 向井理
2019,日影,-,杀手餐厅,藤原龙也 洼田正孝 本乡奏多 小栗旬
2019,日影,-,武士马拉松,佐藤健 小松菜奈 森山未来 染谷将太 青木崇高 竹中直人 长谷川博己
2019,日影,-,漫长的告别,苍井优 竹内结子 中村伦也
2019,日影,-,爱哭鬼的奇迹,松田龙平 永山绚斗 妻夫木聪 松隆子 染谷将太 新井浩文
2019,日影,-,王者天下,山崎贤人 吉泽亮 长泽雅美 桥本环奈
2019,日影,-,町田君的世界,岩田刚典 高畑充希 前田敦子 户田惠梨香 佐藤浩市 松岛菜菜子
2019,日影,-,直到遇见九月之恋,高桥一生 川口春奈 川荣李奈
2019,日影,-,看不见的目击者,吉冈里帆 高杉真宙
2019,日影,-,硬核,山田孝之 佐藤健 荒川良良
2019,日影,-,福尔图娜之瞳,神木隆之介 有村架純 志尊淳 DAIGO
2019,日影,-,笨蛋太郎,菅田将晖
2019,日影,-,行骗天下剧场版,长泽雅美 东出昌大 小日向文世 竹内结子 三浦春马 江口洋介 小栗旬
2019,日影,-,赤雪,井浦新 夏川结衣 佐藤浩市
2019,日影,-,遗愿清单,吉永小百合 天海佑希 贺来贤人 室毅 满岛光
2019,日影,-,铃木家的谎言,大森南朋
2019,日影,-,飞翔吧埼玉,二阶堂富美 岛崎遥香 间宫祥太朗 麻生久美子
1986,动画,-,天空之城,不明
1988,动画,-,豆豆龙,不明
2001,动画,-,千与千寻,不明
2010,动画,-,鬼神传,不明
2013,动画,-,辉夜姬物语,不明
2016,动画,-,你的名字,不明
2016,动画,-,在这个世界的角落,不明
2017,动画,-,名侦探柯南：唐红的恋歌,不明
2017,动画,-,春宵苦短少女前进吧,不明
2017,动画,-,蜡笔小新：宇宙人来袭,不明
2018,动画,-,名侦探柯南.零的执行人,不明
2018,动画,-,机器猫之暖炉 & 一夜间长满了柿子,不明
2020,日剧,冬,10的秘密,仲间由纪惠 向井理 仲里依纱 渡部笃郎
2020,日剧,冬,下辈子我再好好过,内田理央
2020,日剧,冬,刑警与检察官片区和地方检察院的24点,桐谷健太 东出昌大 比嘉爱未 矶村勇斗
2020,日剧,冬,古泷兄弟与四苦八苦,古馆宽治 泷藤贤一 芳根京子
2020,日剧,冬,因某些理由住在火星,仲村亨 要润 广末凉子 斋藤工 三浦翔平
2020,日剧,冬,在不黑不白的世界里，熊猫笑了,清野菜名 横滨流星
2020,日剧,冬,天才脑外科医的条件,天海佑希 椎名桔平 广濑爱丽丝
2020,日剧,冬,帕累托的误算~社会工作者被杀事件,桥本爱
2020,日剧,冬,帮您推翻不在场证明,滨边美波 安田显 柄本时生 成田凌
2020,日剧,冬,忒修斯之船,竹内凉真 铃木亮平 荣仓奈奈 上野树里
2020,日剧,冬,恋无止境,上白石萌音 佐藤健 香里奈
2020,日剧,冬,我从哪里来,中岛裕翔 间宫祥太朗
2020,日剧,冬,无须知道的事,吉高由里子 柄本佑 佐佐木藏之介
2020,日剧,冬,癌症专科医生病历簿,松下奈绪 木村佳乃 北大路欣也
2020,日剧,冬,看到他们就会明白,中山美穗 木村多江 大岛优子
2020,日剧,冬,绝对零度4～未然犯罪潜入搜查,泽村一树 本田翼 横山裕
2020,日剧,冬,请不要在病房里念佛,伊藤英明 中谷美纪 室刚
2020,日剧,冬,这个男人是我人生最大的错误,速水重道 松井爱莉
2020,日剧,春,花生酱三明治,伊藤健太郎 泷本美织
2020,日剧,春,赝作之男人真命苦,桂雀雀 常盘贵子
2020,日剧,春,铁之骨,神木隆之介 土屋太凤 小雪 向井理
2004,晨间剧,春,天花,藤泽惠麻 香川照之 木村佳乃